segment_1|unused|Де Морсер бэйс бүр Ром хотод байхдаа Монте-Кристо гүнтэй уулзахаар болзсон Эльдер гудамжин дахь байшинд тавдугаар сарын хорин нэгний өглөө зочноо нэр төртэй хүлээн авахаар бэлтгэл хийж байв. Альбер том хашааны булан дахь, албаны байшингийн өөдөөс харсан жигүүрийн байшинд суудаг байжээ. Энэ байшингийн зөвхөн хоёр цонх нь гудамж руу харж, гурав нь хашаа уруу, бусад хоёр нь цэцэрлэг өөдөө харжээ. Хашаа цэцэрлэг хоёрын хооронд гүн ба гүнгийн авгай де Морсерын суудаг наполеоны үеийн үзэмж муутайхан маягаар барьсан байшин байна.
segment_2|unused|Эзэмшил газрын өргөний хирээр дагуу гудамжны хашаа байх бөгөөд түүнийхээ дээгүүр савтай цэцэг тавьж, дунд нь алтадсан жаднуудаар хийсэн том гол хаалга байна. Хаалгачийн байшингийн дэргэдэх явган хаалга нь үйлчлэгч зарц нар болон эздийн байшингаасаа явганаар гарч орж ирэхэд зориулжээ.
segment_3|unused|Альберт тусгай байшин гаргаж өгсөн нь, хүүгээсээ холдох дургүй мөртөө өдий насны залуу хүн дүүрэн чөлөөтэй байхыг хүсдэг болохыг мэдэх эх хүний энхрийлэл, алсын хараатай сэтгэлийг харуулна.
segment_4|unused|Нөгөө талаас, баян эцэг эхийн дур зоргоороо цэнгэн амьдрах дуртай тийм хөвгүүдийн биеэ тоосон байдал тодхон харагдана.
segment_5|unused|Альбер гудамж уруу харсан цонхоороо гадаад ертөнцийг харж байж болно. Ер нь залуу хүмүүст нүдний нь өмнө сайхан хүүхнүүд харагдаж байх нь чухал байдаг шүү дээ. Тэгээд хэрвээ нэлээд гүнзгий судлах хэрэг тохиолдвол Альбер, үүдний манаачийн байшингийн дэргэдэх явган хаалгатай адилхан үүдээр гаръя болох байв.
segment_6|unused|Энэ хаалгыг байшин барьсан өдрөөс хойш мартаж орхисон мэт үл ажиглагдам, тоос шороо дарсан байх харагдана. Гэвч цоож цуургыг нь нямбайлан тосолсон байх нь энэ хаалгыг байн байн нууцаар хэрэглэдгийг гэрчилнэ. Энэ нууц хаалга, бусад хоёр хаалгатай өрсөлдөн, манаачийн сэрэмжтэй нүднээс далдуур “Мянга нэгэн шөнийн үлгэр”-ийн агуй шиг Али Бабын шидэт “Сезам” шиг, эелдэг урьхан дуугаар хэлсэн хоёр гуравхан нууцат үг ч юм уу, эсвэл орчлон дээрх хамгийн нарийн хуруугаар учиртайхан тогшиход сэм онгойн түүнийг элэг барина. Энэ хаалганаас эхэлсэн уудам хөндийн гудмын эцэст, баруун талд нь Алберын хоолны өрөө, цонх нь хашаа уруу харж байна. Зүүн талд нь цэцэрлэг үрүү харсан цонхтой зочдын өрөө байна. Ширэнгэ бут, ороогч ургамал цонхны өмнүүр дэвүүр мэт унжиж гаднаас шагайж болох боломжтой доод давхрын энэ хоёр тасалгаан доторх зүйлийг бусдын нүднээс халхална.
segment_7|unused|Хоёрдугаар давхарт мөн ийм хоёр тасалгаа байх ба гурав дахь нь гудмын дээд талд байна. Энд зочдын өрөө, унтах тасалгаа, эмэгтэйчүүдийн зочны өрөө байна.
segment_8|unused|Доод давхрын зочдын өрөө нь алжирын буйдантай өрөө шиг бөгөөд тамхи татдаг хүмүүст зориулагджээ.
segment_9|unused|Хоёрдугаар давхар дахь эмэгтэйчүүдийн зочны өрөө нь унтах өрөөтэйгээ холбоотой бөгөөд хажуугийн хаалга шат уруу шууд гарна. Ер нь болгоомжлох бүх арга хэмжээг урьдаас авсан ажээ.
segment_10|unused|Гуравдугаар давхар нь тэр чигээрээ зураачийнх ч биш, ганган дэгжин эрийнх ч бус буруу номтны дуган гэлтэй том танхим байлаа.
segment_11|unused|Тэнд Альбертын янз бүрийн гайхамшгууд бие бие дээрээр овооролдон холилдон байна. Анчны үлээдэг эвэр, ахмад хийл, лимбэ гээд л бүхэл бүтэн найрал хөгжмийн зэмсэг байх бөгөөд энэ нь Альбер нэгэн үеийн хөгжим сонирхож байсныг гэрчилнэ. Зургийн тавиур, хөл, илүүр, хатсан будаг байх нь өнөөх хөгжимчин маань удалгүй уран зураг сонирхох болсныг үзүүлнэ. Эцэст нь туялзуур жад, нударган зодооны бээлий, элдэв сэлэм ба олон янзын муна байлаа.
segment_12|unused|Бидний өгүүлж байгаа тэр үеийн язгууртан залуучуудын заншлыг даган Альбер Де Морсер хөгжим, уран зургаар оролдохоосоо илүү дээдсийн хүрээлэнгийхний хүмүүжлийн дээд болох сэлэм эргүүлэх, нударган зодоон ба муна хэрэглэж чадах урлагаар ихэд шаргуу оролдож байжээ. Энэ тасалгаанд Гризье, Кукс ба Шарль Лебуше нарын оролддог асан бүх л төрлийн биеийн тамирын хэрэгсэл байв.
segment_13|unused|Тасалгааны бусад хэсэгт нь хятадын шаазан эдлэл, японы ваар сав, Лукка Дел Роббиагийн паалантай эдлэл, Бернер Дейлиссийн тавагнууд өрсөн Францискийнүеийн хуучин шүүгээ гуравдугаар Генрих, эсвэл Сюлли, арван гуравдугаар Людловик ч юм уу Ришелье ч сууж байсан байж магадгүй гэмээр түшлэгтэй сандал байв. Эдгээрийн хоёр дээр нь хааны титэмтэй хөх дэвсгэр дээр Францын гурван сараана цэцэгтэй сүлд байхыг нь үзвэл Луврын санч юм уу үгүйдээ л аль нэгэн хааны ордноос гарч ирсэн бололтой.
segment_14|unused|Эдгээр төвхөн бараан сандлууд дээр персийн хурц нарны гэрэл шингэсэн буюу калькутагийн болон чандернагорын хүүхнүүдийн гараас гарсан байж таарах олон өнгийн нэхмэл эд хамаа намаагүй хөсөр хэвтэнэ.
segment_15|unused|Нэхмэл эд ямар хэрэгтэйг энд байгаа хэн ч мэдэхгүй. Эдгээр торгонууд эзэн нь ч хэлж мэдэхгүй үүргээ хүлээн, тасалгааг өөрийн алтлаг өнгөөр гийгүүлэн байлаа.
segment_16|unused|Хамгийн ил харагдахуйц байранд Роллер ба Бланшийн хийсэн ягаан модон төгөлдөр хуур, хэмжээгээрээ жижигхэн, зочдын өрөөнд тохирох боловч, цаад гүнээсээ Бетховен, Вебер, Моцарт, Гайдн, гретер, Порпора нарын сонгодог хөгжмүүдийн бүхэл бүтэн найрал хөгжмийг багтаан уянгалсан аялгуу гаргана.
segment_17|unused|Хана, хаалга, тааз ер нь энд тэндгүй сэлэм, чинжаал хутга, муна, сүх, алтдаж хээ угалз гаргасан, хар чийтэй хуяг дуулга, хатаамал өвс, шороо шавар, хошуугаараа ангайж улбар өнгөт далавчаа нисэж байгаа юм шиг тэлсэн шувууны чихмэл зэрэг зүйл байлаа. Энэ бол Альберын дуртай тасалгаа гэдгийг хэлэх юун. Харин болзоо хийсэн өдрөө Альбер өглөөнийхөө хувцсыг өмсөөд доод давхрын зочдын жижиг өрөөнд сууж байв. Өргөн буйдантай өмнөх ширээн дээр петербургийн шар тамхинаас, синайн хар тамхи хүртэл мерилэнд, порто-рико, латаки гэх мэтийн сайн чанарын тамхийг голландын паалантай шаазан савнуудад хийж тавьжээ. Эдгээрийн дэргэд сайхан үнэртэй модоор хийсэн хайрцаг дотор пурес, регал, гавань, манил зэрэг ороомол навчин тамхийг урт богино, сайн муугаар нь ялган тавьжээ. Эцэст нь онгорхой шүүгээн дотор герман гаанс, алт, шүрээр гоёж чимсэн, урт хүзүүтэй хув соруудтай могой шиг мушгирсан усан гаанс зэрэг тамхичингуудын дурыг татан байлаа. Өглөөний сайн зоог зооглож, аяга сайхан кофе уусны дараа манарсан утаа өөд нь цагираглуулан баагиулж суух дуртай орчин үеийнхээ тамхичингуудад зориулсан энэ хамаа намаагүй тавьсан зүйлээ Альбер өөрөө эрхлэн зохион байгуулжээ.
segment_18|unused|Арван цагт арван таван минут дутуу байхад гэрийн хиа орж ирэв. Энэ бол зөвхөн англи хэлээр л ярьдаг арван таван настай зарц Жоныг эс тооцвол Морсерын ганц зарц нь болой. Жирийн өдрүүдэд эцэг эхийн тогооч, баяр ёслолын үеэр эцгийн нь зарц Альберын мэдэлд ирдэг нь мэдээж.
segment_19|unused|Хиаг Жермен гэнэ. Энэ хүн залуу эзнийхээ бүрэн итгэлийг хүлээжээ. Орж ирээд бөөн сонин ширээн дээр тавьж, баглаатай захидал Альбертэд өгөв. Альберт тэдгээрийг хайхрамжгүйхэн хараад, цэвэрхэн үсгээр хаягласан зузаан хоёр дугтуйг авч задлаад, нэлээд анхааралтай уншив.
segment_20|unused|- Энэ хоёр захидал яаж ирэв? гэж асуув
segment_21|unused|- Нэг нь шуудангаар, нөгөөхийг нь Данглар авгайн хиа авчирч өгсөн.
segment_22|unused|Дангдар авгайн лоожиндоо урьсан урилгыг хүлээн авлаа гэдгийг хэлүүл.
segment_23|unused|Байз байз … Дараа нь Роза дээр оч. Намайг дуурь тараад очно гэж хэл. Тэгээд зургаан шил шилдэг сайн дарс, киприйн херес, малаги, бас нэг сав остендийн хавч… аваачиж тавь. Харин хавчийг Борелиас аваарай, тэгэхдээ надад авч байгаа юм гэдгийг хэлэхээ битгий мартаарай.
segment_24|unused|- Хэдэн цагт өглөөний зоог барих вэ?
segment_25|unused|- Одоо хэдэн цаг болж байна? - Арван цагт арван таван минут дутуу байна.
segment_26|unused|- Яг арван цаг хагаст оруулаарай. Дебрэ яам уруу яарч магадгүй дээ. Түүнээс гадна (Альбер тэмдэглэлийнхээ дэвтрийг харж) би гүнд: тавдугаар сарын хорин нэгний арван цаг хагаст гэж болзоо тавьсан. Хэдийгээр амласан үгэнд нь төдий л их найдахгүй байгаа боловч хэлсэн үгэндээ хүрдэг байхыг хүсэж байна. Ингэхэд гүн ахай боссон болов уу, мэдээгүй биз?
segment_27|unused|- Хэрвээ эрхэм бэйст хэрэгтэй бол би очиж үзээд ирье.
segment_28|unused|- Тэг … Ликер дарстай савыг нь гуйгаад ир, минийх дундуурхан болчихож, нэгэн эрхэмсэг хүнийг танилцуулах зөвшөөрөл аваад ир.
segment_29|unused|Альбер, хиагаа гараад явчихтай зараг зөөлөн сандал дээр лагхийн суугаад, сонингоо дэлгэж театрын зарлал харж, бүжгийн жүжиг биш, дууль гарахыг нь мэдээд өөрт нь ярьж байсан шүдэнд хэрэглэх шинэ аргыг дэмий баахан эрснээ Парисын нэрийг гурван сониныг цувуулан хаяад уртаар эвшээлгэн аман дотроо, - Сонингууд өдрөөс өдөрт улам л уйтгартай болоод байх юм гэж бувтнав.
segment_30|unused|Энэ үед хаалга дээр хөнгөн тэрэг ирж зогсон, Люсьбен Дебрэ ирлээ гэж хиа мэдэгдэв.
segment_31|unused|Шаргал үстэй, цайвар царайтай, бор нүд нь ихэд биеэ тоосон байдалтай, уруулаа ихэмсгээр жимийж, алтан товчтой хөх фрак өмсөж, нарийн торгон оосроор ганц нүдний шил оосорлон зүүж, түүнийгээ зовхиныхоо булчингийн хүчээр баруун нүдэндээ хааяа хааяа тогтоож чаддаг ийм нэгэн залуу хүн албархуу байдалтай, инээмсэглэх ч үгүй орж ирэв.
segment_32|unused|- Сайн байна уу, Льюсен! гэж Альбер хэлээд - Та ер нь намайг өөрийхөө цаг баримталдаг нямбайгаараа айлгах юм! Би таныг хамгийн сүүлд ирэх байх гэж бодож байсан чинь харин аравт арван таван минут дутуу байхад хүрээд ирж. Өглөөний зоогийг арван цаг хагаст гэж захиалсан байдаг! Догь хэрэг ээ! Танай яам чинь татан буулгагдсан юм биш биз дээ гэв.
segment_33|unused|Тэгэхэд орж ирсэн залуу буйдан дээр суугаад, - Үгүй, найз минь, зовох юмгүй, бид цаг үргэлж дэнжигнэж байх боловч хэзээ ч татан буугдахгүй, тэгээд ч хагас аралд дээрх хэрэг явдал манай байдлыг бэхжүүлж байгааг хэлэлтгүйгээр бид бүгд солигдошгүй улс болж байна гэж бодоход хүрээд байна хэмээн хэлэв.
segment_34|unused|- Аа тийм, та нар Дон Карлосыг Испаниас хөөж байгаа л даа.
segment_35|unused|- Тийм юм байхгүй, бүү андуур. Бид түүнийг наад тал уруу явуулж, Буржид хааны зочлолыг хүлээн ав гэж байгаа.
segment_36|unused|- Буржид ий?
segment_37|unused|- Тийм ээ, ямар ч юм гэж гомдоллох юмгүй, чөтгөр ав! Бурж гэдэг чинь долдугаар Карлын нийслэл хот. Яалаа гэнэ ээ! Та үүнийг мэдэхгүй байсан юм уу? Өчигдөрөөс хойш үүнийг Парис даүараа мэдэх болсон, харин уржигдлараас эхлэн Биржид мэдэгдсэн юм. Данглар (энэ хүн болж байгаа шинэ сонин зүйл бүхнийг яаж бидэнтэй зэрэг мэдчихээд байгааг би ойлгохгүй байна)
segment_38|unused|- Өө, та чинь шинэ туузтай болчихсан байх шив? Урьд нь харагдаагүй цэнхэр тууз байх чинь.
segment_39|unused|- Тийм ээ, гуравдугаар Карлын одонг ирүүлсэн байна гэж Дебрэ хайхрамжгүй хариулав.
segment_40|unused|- Битгий хайнга байдал үзүүлэх гэж оролдоод бай, одон хүлээж авахад сайхан байна гэдгээ зүгээр л хэлчих.
segment_41|unused|- Нуулгүй хэлэхэд сайхан байна. Гоёл чимэгт нэмэр болж, товчилсон фрак дээр одон зүүгээд явахад их зохиж байна. Гоё юм.
segment_42|unused|- Тэгээд Уэльсийн хан хүү, эсвэл Рейхштатын бэйлтэй адилхан болно доо гэж Альбер инээмсэглэн хэлэв.
segment_43|unused|- Би танайд ийм эрт ирсний учир ийм л юм л даа, эрхэм минь.
segment_44|unused|- Өөрөөр хэлбэл гуравдугаар Карлын одонг хүлээж аваад, энэ сайхан мэдээгээ надад хэлэх гэж бодсон юм биз дээ?
segment_45|unused|- Үгүй дээ, тийм учраас ирсэн юм биш. Би дипломат захидал бичиг явуулах гэж шөнөжингөө суулаа. Тэгээд үүрээр гэртээ хүрч ирээд унтах гэсэн чинь толгой өвдөөд байхаар нь гадуур салхинд явъя гэж шийдлээ. Булоны ойд явж байтал гэдэс ч өлсөж, уйтгартай санагдав. Бие биедээ харш энэ хоёр сэрэл нэгэн зэрэг тохиолдох нь маш ховор байдаг боловч энэ удаа карлын бүгд найрамдахчуудын холбоо шиг юм болж миний эсрэг нэгджээ. Тэгтэл өнөө өглөө танайд найрлана гэдгээ гэнэт санаад, яваад ирлээ. Би өлсөж байна, хоол унд өгөөч, уйдаж байна, зугаацуулаач.
segment_46|unused|- Энэ бол эзэн хүн миний үүрэг, хайрт нөхөр минь гэж Альбер хэлээд, хонх дарж хиагаа дуудаж,- Жермен чи нэг хундага дарс, бисквит боовтой хамт аваад ир.
segment_47|unused|Аа одоохондоо Люсьвен та тамхи татаж бай, хил сэм давуулдаг наймааны юм шүү. Та үүнээс татаж үзээд, сайн санаат иргэд бидний татаж байгаа тамхины оронд ийм тамхи авчирч худалдаж байвал зүгээр юм гэж сайддаа хэлээрэй гэв.
segment_48|unused|Энэ зуур Люсьен алтан бариултай таягаараа дэлгээтэй байсан сонинг өлгөн хаяж байв.
segment_49|unused|- Энэ чинь тийм биш л дээ! Та нар энэ тамхийг хил сэт давуулж наймаалхаа больчихоор л хэрэглэхээсээ татгалзан энүүн шиг муухай юм гэж байхгүй болчихно доо. Харин энэ хэрэг бол дотоод яаманд хамаагүй, сангийн яаманд хамаарагдах ажил шүү дээ. Шууд биш татварын хэрэг эрхэлсэн ноён Юманд хэсэх хэрэгтэй, “А” гудмын хорин зургадугаар хаалганд бий.
segment_50|unused|- Та юмны учир их мэдэх хүн юм гэж Альбер хэлээд, - Тамхи аваач гэл ээ.
segment_51|unused|- Люсьен манилын ороомол навчин тамхи, алтан суурьтай лаанаас асаагаад, буйданг налж суув.
segment_52|unused|- Та бас хийх юмгүй жаргалтай хүн юм. Үүнийгээ мэддэггүй байх даа гэж Люсьен хэлэв.
segment_53|unused|- Эрхэм вант улсын амгалан тайваныг сахиулагч огт хийх юмгүй байсан бол яах байсан бэ гэж Морсер бага зэрэг ёжлон хэлээд, - Та европын их улс төрийн бодлогоос эхлээд Парисын өчүүхэн жижиг будлиануудыг хамарсан сайдын гарын нарийн бичгийн дарга шүү дээ. Та хаадыг хамгаална, бас хатан хаадыг хамгаалах нь бүр ч таатай, юмыг тогтоон баталж, сонгууль удирдаж, өөрийнхөө тасалгаан дотор үзэг, цахилгаан мэдээний тусламжтайгаар Наполеоны сэлэм, ялалтаараа дайны талбар дээр олж чадсан юмнаас илүү их юманд хүрнэ. Та цалин пүнлүүнээсээ гадна, жилд хорин таван мянган ливрийн орлоготой, бас Шато-Рено дөрвөн зуун луйдар өгсөн боловч, түүнд өгөөгүй морьтой хүн. Танд нэг ч өмдийг чинь эвддэггүй сайхан үйлчилдэг сайван бий. Опера театр, Жокей клуб, Варьете театр байхад та уйдлаа гэнээ? За яах вэ тэгвэл би таныг зугаацуулъя гэлээ.
segment_54|unused|- Юугаар тэр вэ?
segment_55|unused|- Шинэ танилаараа.
segment_56|unused|- Эрэгтэй хүн үү, эмэгтэй хүн үү?
segment_57|unused|- Эрэгтэй хүн.
segment_58|unused|- Тэртээ тэргүй би олныг танина шүү дээ.
segment_59|unused|- Үгүй ээ, та тийм хүн танихгүй байх.
segment_60|unused|- Тэр чинь хаанаас гараад ирсэн хүн бэ? Тэнгэрийн хаяанаас ирсэн хүн үү?
segment_61|unused|- Тэрнээс ч холоос байж магадгүй.
segment_62|unused|- Чөтгөр ав, үгүй тэр чинь танд өглөөний зоог авч ирэх юм биш биз?
segment_63|unused|- Үгүй энэ талаар сэтгэл бүү зов. Өглөөний зуушийг энд, энэ байшинд хийж байгаа. Та ер нь өлсчихсөн байна аа даа.
segment_64|unused|- Тийм ээ, хэдийгээр ичмээр боловч, хүлээхээс өөр аргагүй. Би өчигдөр ноён Вильфорынд хоол идсэн. Харин та энэ шүүхийнхэн дандаа муу хооллодгийг ажиглаагүй гэж үү? Сэтгэл нь тэвчдэггүй юм гэж бодмоор шүү.
segment_65|unused|- Хүний хоолыг муу хэлээд л байх юм, харин танай сайдынх яаж хооллодог вэ дээ?
segment_66|unused|- Бид үгүйдээ тохитой томоотой хүмүүсийг урьдаг, хэрвээ бид бидний төлөө саналаа өгдөг сайн санаат борчуудыг зочлох хэрэггүй байсансан бол гэртээ хоол идэхийг үхлээс илүүд үзэж айх байсан билээ.
segment_67|unused|- Тэгвэл нэг хундага херес ууж, бисквит боов ид.
segment_68|unused|- Дуртайяа идье. Танай испани дарс тун сайхан юм. Бид энэ оронд энх тайваныг тогтоосон нь хичнээн зөв байгааг та харж байгаа биз дээ?
segment_69|unused|- Тийм ээ, дон Карлос яах вэ?
segment_70|unused|- Яах вэ дээ, дон Карлос бордоо ууж л байг. Арван жилийн дараа түүний хүүг бяцхан хатан хаантай гэрлүүлнэ.
segment_71|unused|- Та хэвээ тэр үед алба хааж байвал, алтан ноос одонгоор шагнуулна даа.
segment_72|unused|- Альбер, та өнөөдөр намайг хоосон яриагаар хооллох гэсэн юм шив.
segment_73|unused|- Энэ бол ходоодыг юунаас ч илүү зугаацуулдаг юм шүү. Байзаарай, Бошаны дуу гарч байх шив, та түүнтэй маргалдан зугаагаа гаргана биз.
segment_74|unused|- Юун тухай маргах хэрэг вэ?
segment_75|unused|- Сонинд бичиж байгаа зүйлийн тухай маргахгүй юу.
segment_76|unused|- Би сонин уншдаг гэж үү? Гэж Люсьен жигшсэн байртай хэлэв.
segment_77|unused|- Тийм тусмаа л маргах үндэс их байна.
segment_78|unused|- Эрхэм Бошан ирлээ! гэж хиа мэдэгдэв.
segment_79|unused|- Ор ор, аймшигт үзэг минь гэж Альбер хэлээд, шинэ орж ирсэн зочныг угтан очиж, - Дебре, таны өгүүллүүдийг уншдаггүй боловч, таныг тэвчиж чаддаггүй гэж байна гэв.
segment_80|unused|- Түүний хэлдэг маш зөв. Би ч бас түүний юу хийж суудгийг мэдэхгүй боловч зүхэж байдаг юм. Сайн байна уу, дарга минь.
segment_81|unused|- Өө, та бас дуулчихаа юу? гэж сайдын нарийн бичгийн дарга инээмсэглэн хэлээд, сэтгүүлчийн гарыг атгав.
segment_82|unused|- Мэдэхээр барах уу.
segment_83|unused|- Улсууд энэ тухай юу гэж ярьж байна?
segment_84|unused|- Ямар улсууд? Христосын төрж мэндэлснээс хойших мянга найман зуун гучин найман онд, тийм улсууд олон бий.
segment_85|unused|- Гол хүний нэг та болдог шүүмжлэгч, улс төрийнхний дунд,
segment_86|unused|- Энэ бол зүй ёсны хэрэг, тэгээд ч бага зэрэг цэнхрийг ургуулахын тулд хүрэлцэхүйц хэмжээний ухааныг суулгаж байгаа юм байна гэж ярьцгааж байна.
segment_87|unused|- Догь хэлжээ гэж Люсьен хэлээд, - Хүндэт Бошан та яагаад манайх биш юм бэ? Ийм ухаантай хүн гурав, дөрөвхөн жилийн дотор өндөр тушаалд гарна даа.
segment_88|unused|- Би таны зөвлөгөөг дагахад ганцхан юм л, хагас жил ч болов тогтож чадах яам бий болохыг л хүлээгээд байна. Одоо хэлэх нэг үг байна, Альбер, хөөрхий люсьенийг амраах хэрэгтэй. Бид өглөөний зоог идэх үү, аль эсвэл өдрийнхийг үү? Би танхим уруу явах хэрэгтэй. Танай ажилд бүх юм сайхнаараа байдаггүйг харж байгаа биз дээ.
segment_89|unused|- Бид өглөөний зоог иднэ, харин одоо хоёрхон хүн хүлээж байна. Тэднийг ирэхээр л ширээнд сууцгаана.
segment_90|unused|- Та чухам хэнийг хүлээж байгаа юм бэ, гэж Бошан асуухад, Альбер-Нэг нь язгууртан, нөгөө нь дипломат гэж хариулав.
segment_91|unused|- За тэгвэл язгууртныг нь хоёр цаг, дипломатыг нь түүнээс ч удаан хүлээх хэрэг болох нь ээ. - Би сүүлчийн хөнгөн цайн дээр л ирье, надад жимс, кофе, тамхи тавьж байгаарай. Одоо очоод танхимд хоол идчихье.
segment_92|unused|- Боль доо Бошан, язгууртныг нь Монморанси, дипломатыг нь Меттерних гэдэг ч байлаа гэсэн ялгаагүй. Арван цаг хагаст хоолоо идэхээр ширээнд сууна. Харин одоохондоо Дебрегийн үлгэрээр херес ууж, бисквит зооглох тун.
segment_93|unused|- За яах вэ, би үлдье. Өнөөдөр заавал зугаацмаар санагдаад байна.
segment_94|unused|- Та яг л Дебре шиг боллоо! Яам нь гутарч гунихарч ирэхэд, эсрэг тал нь хөгжилтэй байх ёстой гэж бодож байна.
segment_95|unused|- Тийм ээ, гэсэн ч та надад юу заналхийлж байгааг мэдэхгүй байна! Өнөөдөр бид депутатуудын танхимд Дангларын үг хэсэхийг сонсоно. Харин орой нь францын тайжийн эмгэнэлт жүжгийг эхнэртэй нь хамт үзнэ. Чөтгөр ав, үндсэн хуулийн байгуулалт ч гэж дээ! Бид сонгож болох байсан гэж улс ярьцгаах юм! Бид яаж Дангларыг сонгочхоо юм бэ?
segment_96|unused|- Та хөгжилтэй байх хэрэгтэй болсныг би ойлгож байна. - Дангларын хэлэх үгийг хайхрахгүй бүү байгаарай, тэр таны төлөө санал өгч байгаа, тэгээд ч бас сөрөг талын хүн шүү дээ, гэж Дебрэ хэлэв.
segment_97|unused|- Харин хамаг гай л тэнд байгаа юм! Та нар түүнийг Люксембургийн ордон уруу донгосуулахаар явуулахыг л би тэсэж ядан хүлээж байна. Тэгвэл л би нэг чөлөөтэй болно доо.
segment_98|unused|- Испанид ажил хэрэг тохиносон байна гэдэг нь шууд харагдаж байна гэж Альбер Бошанд хэлээд - Та бас өнөөдөр их эмзэг, ёжтой байна аа. Парисын дээдсийн хүрээлэн намайг Дангларын охин Эженитэй хурим хийх гэж байгааг ярьж буйг санаарай. Хожим надад: “Бэйс та, миний охиндоо хоёр саяын инж өгсөн байгааг мэднэ шүү дээ” гэж хэлэх хүний уран цэцэн үгийг шоолж доромжлохыг миний сэтгэл төвдөхгүй байна шүү гэв.
segment_99|unused|- Энэ хурим болохгүй, гэж Бошан түүний яриаг таслан-Ван түүнийг түшээ гүн болгож болно, тайжаар шагнаж чадна, тэгэхдээ ингэлээ гээд сурвалжит язгууртан болохгүй шүү дээ. Тэгэхэд Морсер гүн бол өчүүхэн хоёр саяын холбоог зөвшөөрнө гэхэд дэндүү томдох язгууртан хүн. Бейс Де Морсер бол зөвхөн л сурвалжит хүнтэй сууж болно гэв.
segment_100|unused|- Үгүй, хоёр сая гэдэг чинь муугүй хэрэг шүү гэж Морсер зөрөв.
segment_101|unused|- Энэ бол ямар нэг театр, эсвэл ургамлын цэцэрлэгээс Рапэ хүртэлх төмөр замын салбарын хувь нийлүүлсэн хөрөнгө шүү дээ.
segment_102|unused|- Морсер та түүний үгэнд бүү ор, сууж л орхи гэж дебрэ залхуу нь хүрсэн байдалтай дуугараад, -Та мөнгөний ууттай ураг төрлийн барилдаантай болно шүү дээ. Энэ нь танд хамаагүй юм биш үү? Тэр уут нь нэг сүлдээр бага боловч, нэг тэгээр илүү байх болно. Танай сүлдэн дээр долоон шувуу бий, түүнийхээ гурвыг нь эхнэртээ өг, өөрт чинь дөрөв үлдэнэ. Гэсэн ч хан Гизаас нэгээр илүү байх болно. Харин тэгэхэд тэр арай л Францын ван болчихоогүй, үеэл ах нь Германы эзэн хаан байсан шүү дээ.
segment_103|unused|- Нээрээ тийм дээ гэж Альбер алмайрсхийн хариулав.
segment_104|unused|- Тэгэлгүй яах вэ! Тэгээд бас саятан бүхэн бутчийн хүүхэд шиг удам угсаатай байдаг.
segment_105|unused|- Иш, дуугүй бай, Дебрэ, гэснээ Бошан инээж, -Шато-Рено ирж явна, орж ирээд таныг хуулийн зүйл анги шохоорхдог өвчнөөс чинь эмчлэхийн тулд өвөг дээдэс Рено де Монтобаныхаа сэлмээр нэвт хатгана даа гэж хэлэв.
segment_106|unused|- Би маш доорд язгуурын гаралтай хүн болохоор Шато-Рено зөвхөн өөрийнхөө л нэр төрийг алдах болно.
segment_107|unused|- За тэр шүү! Яам, Беранжегийн аяар дуулж эхлэх нь. Бурхан минь, бид хаашаа явах нь энэ билээ! гэж Бошан дуу алдав.
segment_108|unused|- Эрхэмсэг де Шато-Рено! Эрхэм Максимиллиан Моррель гэж хиа айлтгав.
segment_109|unused|- За тэгвэл бүрдэл болох шив! гэж Бошан хэлээд, - Одоо бид өглөөнийхөө зоогийг барих уу? Би андуураагүй бол, та хоёр хүн ирэхийг хүлээж байна гэсэн биз дээ, Альбер? гэж асуухад,, Альбер гайхсан байдалтайгаар,
segment_110|unused|- Моррель ий! Моррель гэдэг чинь ямар хүн билээ? гэж шивгэнээд үгээ ч бүрэн хэлж дуусаагүй байтал, хөлөөсөө толгой хүртэл язгууртны шинжтэй нэг үгээр Гиш шиг гадаад төрх байдалтай, Мортемар шиг ухаантай гуч орчим насны сайхан залуу гараас нь барьж,
segment_111|unused|-Миний найз намайг аврагч спагийн ахмад Максимилиан Моррелийг тантай танилцуулахыг Альберт та зөвшөөрнө үү? Ер нь ийм хүнийг танилцуулах ч шаардлагагүй. Бэйс та миний баатартай мэндлээч гэж хэлэв.
segment_112|unused|Тэгээд тэр манай уншигчид мартахааргүй хэцүү явдлын үед Марсель хотод үзсэн нөгөө хар сахалтай, нэвт шувт харцтай, өргөн духтай, өндөр гуалиг биетэй залуу хүнд зай тавьж, хажуу тийшээ болов. Хагас Франц хагас Дорно зүгийн хийцтэй өнгөлөг сайхан ёслолын цамц нь сайхан зохиж, хүндэт Легонны хирээс одон зүүсэн өргөн цээж, гуалиг биеийг нь жавхайлан барьжээ. Залуу дарга ихэд цэцгэрхэнээр мэхийн мэндлэв. Залуу хүч чадалтай хүн болохоор хөдөлгөөн нь даанч нямбайлаг сайхан байлаа.
segment_113|unused|- Эрхэм Моррель, түшээ гүн Шато-Рено таныг надтай танилцуулахдаа надад их тааламжтай сэтгэл төрнө гэдгийг мэдэж байжээ. Та түүний найз нөхөр болохоор мөн л бидний найз нөхөр болно гэж хэлэв.
segment_114|unused|Тэгэхэд Шато- Рено, - Маш сайн хэрэг, хүндэт бэйс та түүнээс хэрэг тохиолдвол надад хүргэсний адил тусыг хүргээрэй гэж гуйхгүй юу гэж Шато-Рено хэлэхэд Альберт,
segment_115|unused|- Ямар тус хүргэсэн юм бэ? гэж асуув.
segment_116|unused|- Түшээ гүн дэндүүлж байна, үнэндээ энэ тухай ярих ч хэрэггүй юм! гэж Моррель хэлэхэд Шато-Рено,
segment_117|unused|- Юу ярих хэрэггүй юм гэж? Амь нас гэдэг чинь ярих хэрэггүй эд үү? Хүндэт Моррель та чинь дэндүү их гүн ухаантан хүн юм. Өдөр бүр таны амь насанд халтай юм тохиодог болохоор та тэгж ярьж болно, харин тийм явдал санамсаргүй тохиолдсон надад бол… гэж хэлэв.
segment_118|unused|- Энэ бүхэн дотроос, ахмад Моррель, таны амийг аварч гэдэг ганцхан зүйл тодорхой байна.
segment_119|unused|- Тийм ээ, зөвхөн л энэл дээ гэж Шато-Рено хэлэхэд,
segment_120|unused|- Тэр явдал яаж болсон юм бэ? гэж Бошан асуув.
segment_121|unused|- Бошан, найз минь би өлсөж үхэх гэж байна шүү дээ, урт яриа дэлгээд яах вэ гэж Дебрэ хэлэхэд,
segment_122|unused|- Би та нарыг ширээнд суухад саад болж байна гэж үү… Шато-Рено хоол идэх зуур бүгдийг ярьж өгөг гэж Бошан хариулав.
segment_123|unused|- Эрхэмүүд ээ, одоо дөнгөж арван цагаас арван таван минут өнгөрч байна, бид сүүлийнхээ зочныг хүлээж байна гэж хэлэхэд, Дебрэ, - Өө тийм, дипломат хүнийг гэж хэлэв.
segment_124|unused|- Дипломат ч юм уу, аль эсвэл өөр ч юм уу бүү мэд. Би түүнд итгэл найдвар өгөхөд маш амжилттайгаар биелүүлсэн гэдгийг мэдэж байна. Хэрвээ би ван байсан бол бүх одонгуудаараа нэгэн зэрэг шагнана. Хэрвээ миний мэдэлд алтан ноос татуургат одон байсан бол хоёулангаар нь шагнах байсан даа.
segment_125|unused|- Тийм бол бид ширээнд хараахан суугаагүй болохоор бидэн шиг хундагандаа херес дарснаас хийж аваад өөрийнхөө түүхийг ярь даа гэж Дебрэ хэлэв.
segment_126|unused|- Та нар намайг саяхан Африк явсан гэдгийг мэднэ шүү дээ.
segment_127|unused|- Энэ бол таны өвөг дээдсийн зааж өгсөг зам шүү. Хүндэт Шато-Рено гэж найрсгаар хэлэв.
segment_128|unused|- Тийм ээ, тэгэхдээ та тэдэн шиг бурхан багшийн шарилыг чөлөөлөхийн тулд итгэж явсан нь юу л бол.
segment_129|unused|- Бошан таны хэлдэг зөв гэж залуу язгууртан хэлээд, би зүгээр л гар буугаар буудах дур минь хүрсэн юм. Хэрэг явдлыг эвээр зохицуулахаар шилж авсан хоёр зуучлагч маань намайг сайн нөхдийн минь нэг болох… Хөөрхий францад Эпинейгийн гарыг буудахад хүргүүлснээс хойш халз тулалдаан гэдгийг тэвчин үзэж чадахаа больсон гэдгийг та бүгд мэднэ... Та нар францад Эпинейг цөмөөрөө танина шүү дээ.
segment_130|unused|- Өө тэгэлгүй яах вэ, та хоёр чинь нээрээ нэг үзэлцсэн л дээ. Юунаас болсон билээ гэж Дебрэг асуухад Шато-Рено
segment_131|unused|- Ална ч гэсэн санахгүй юм байна. Харин надад дөнгөж бэлэглэсэн шинэ буугаа Араб хүмүүс дээр туршиж үзье гэж хүссэнээ л санаж байна. Тийм учраас би Оран орж, тэндээсээ Констатин уруу явж яг бүслэлтийг зогсоож байх үед хүрч очлоо. Би бусад улстай хамт ухарч эхлэв. Хоёр хоног өдөр нь бороо, шөнө нь цас орсон ч аргацаан тэсвэрлэж өнгөрүүлээд, гурав дахь өдөр нь морь минь хөлдөж үхлээ. Хөөрхий амьтан дулаан саванд байж сурчихаж, энэ бол Араб угсааны морь байсан боловч, арван градусны хүйтэнтэй эх орноо таньсангүй гэж Шато-Рено ярив.
segment_132|unused|- Өө та англи хурдан морийг минь авах гээд байдаг учир ийм юм бий. Миний морийг Араб морьноос илүү хүйтэнд тэсвэртэй гэж бодож байна аа даа гэж Дебрэ хэлэв.
segment_133|unused|- Та андуурч байна. Би одоо дахин Африк явахгүй гэж ам тангараг тавьсан.
segment_134|unused|- Та тэгээд айчихсан хэрэг үү? гэж Бошан асуухад, Шато-Рено - Тийм ээ, үнэн айх хэрэг байсан. Тэгээд морио хаячихаад цаашаа явган явлаа. Тэгтэл миний толгойг авах гэж зургаан Араб хүн дайраад ороод ирлээ. Хоёрыг нь урт буугаар, хоёрыг нь гар буугаар тулгаж байгаад буудчихлаа, гэтэл хоёр нь үлдчихээд би зэвсэггүй болчихсон байв. Нэг нь миний үснээс зуураад авав. Би үсээ ингэж богино засуулдаг болсны учир энэ байгаа юм. Юу болохыг яаж мэдэх вэ. Нөгөөх нь миний хүзүүн дээр махир сэлмээ тавьж, хүйтэн төмөр хайрах нь мэдэгдэв. Тэгтэл энэ эрхэм хүн тэдэн уруу довтлон орж, үснээс минь зуурчихсан хүнийг буудан алаад, махир сэлмээр хоолойг минь огтлох гэж байсан хүний толгойг хяргаж орхив. Энэ хүн тэр өдөр нэг хүний амийг аврах ёстой гэж бодож байжээ. Харин тэр хүн нь би болж таарчээ. Би баүн болохоор Клагман буюу Марокенттид энэ тохиолдлын баримал хөшөөг захиалж хийлгэнэ гэв.
segment_135|unused|- Энэ бол есөн сарын таван байсан юм гэж Моррель инээмсэглэн хэлээд, эцэг минь гайхамшгаар аврагдсан ойн өдөр. Би жил бүрэн өдрийг чадлынхаа хирээр ямар нэг сайн юм хийж байхыг хичээдэг юм…гэв.
segment_136|unused|- Ямар нэг баатарлаг явдал юм биз гэж Шато-Рено үгийг нь таслан хэлээд, - Товчхон хэлэхэд миний аз болсон юм. гэвч ингээд төгсөөгүй тэгээд хутганаас амийг минь аварсныхаа дараа надад гэгээн Мартин шиг цувныхаа хагасыг биш харин бүтнээр нь өгч, намайг хүйтний аюулаас аварсан юм. Тэгээд сүүлд нь өлсгөлөнгөөс аварсан юм… Нэг юмаа хувааж шүү гээд.. Юу вэ таацгаа гэхэд Бошан
segment_137|unused|- Феликсийн жигнэсэн мах уу? гэж асуув.
segment_138|unused|- Үгүй ээ, өөрийнхөө морийг. Түүнээс нь хоёулаа хэрчим хэрчим мах идсэн. Мөн ч амаргүй байдаг шүү.
segment_139|unused|- Хэрчим адууны мах идэхэд үү дээ? гэж Морсерь инээн хэлэхэд. - Үгүй дээ ийм гарлага гаргаж байгаа нь танихгүй хүн Англи угсааны хурдан морио гарздах уу гэж Дебрэгээс асуу л даа хэмээн Шато-Рено хариулав.
segment_140|unused|- Танихгүй хүнд бол үгүй. Найз нөхөртөө бол магадгүй гэж Дебрэг хэлэхэд Моррель - Би таныг миний найз болох юм гэж мэдээд байсан юм. Түүнээс гадна үүнийг баатарлаг явдал гэнэ үү, эсвэл гардаг золиос гэж үзнэ үү, өөрсдөө мэдэцгээ гэж би хэлсэн. Юу ч л гэсэн би тэр өдөр нэгэн цагт манайд тохиолдсон зол заяатай ямар нэг юмаар хариулах ёстой байсан юм. Түшээ гүн минь гэв.
segment_141|unused|- Моррелийн цухуйлгаж байгаа энэ түүх маш сонин зүйл байгаа юм. Та нартай ойр дотно танилцахаараа ярьж өгөх байх. Харин одоохондоо дурдатгал ярианы тухай хангалттай ярьсан болохоор гэдэс ходоодныхоо тухай бодоцгооё. Альбер та хэдэн цагт өглөөнийхөө зоогийг барьдаг вэ гэж Шато-Рено хэлэв.
segment_142|unused|- Арван цаг хагаст.
segment_143|unused|- Яг уу? гэж Дебрэ цагаа гаргаж асуув.
segment_144|unused|- Та надад бас таван минут сунгаж өгөөч гэж Морсель хэлээд, - Би ч бас аврагчаа хүлээж байна гэв.
segment_145|unused|- Хэний аврагчийг?
segment_146|unused|- Миний өөрийн,чөтгөр ав гэж Морсель хариулаад, - Эсвэл таны бодлоор намайг бусдын адил ямар нэг юмнаас аварч болохгүй, зөвхөн Арабууд л толгой авдаг болж байна уу? манай өглөөний зоог хүнийг хүнийг энэрэн хайрлагчдын зоог болох нь. Ширээний ард хүн төрөлхтний хоёр ариун үйлстэн суух болох нь ээ гэж Морсель хэлэв.
segment_147|unused|- Яадаг юм билээ ? Манайд чинь ганцхан Монтинонын шагнал байдаг байх аа гэж Дебрэ хэлэв.
segment_148|unused|- Тэгвэл түүнийг юу ч хийгээгүй хүнд юм хийг гэж өгчихгүй юу гэж Бошан хэлээд - Ер нь академи тэгж л хүнд байдлаас гардаг шүү дээ гэхэд Дебрэ Альберээс
segment_149|unused|- Таны аврагч хаанаас ирэх юм бэ? Шалаад байгааг минь уучлаарай, та их бүдэгхэн хариулсан болохоор би дахин асуух зүрх гаргав гэв.
segment_150|unused|- Үнэнээ хэлэхэд би ч өөрөө мэдэхгүй байна. Гурван сарын өмнө намайг урьхад тэр хүн Ром хотод байсан энэ хугацаанд хаагуур хаагуур явж амжчихсаныг хэн мэдэх вэ дээ гэж Альбер хариулав.
segment_151|unused|- Та тэгээд түүнийг хэлсэн цагтаа ирэх нямбай хүн гэж бодож байна уу? гэж Дебрэ асуув.
segment_152|unused|- Тэр ер нь юу ч хийж чадах хүн гэж би бодож байна.
segment_153|unused|- Таван минут нэмж өглөө ч гэсэн одоо дөнгөж аравхан минут хүлээх хугацаа үлдээд байна гэдгийг бодоорой.
segment_154|unused|- Тэгвэл би энэхэн хугацааг ашиглаад зочныхоо тухай ярьж өгье.
segment_155|unused|- Уучлаарай таны ярианаас шог найруулал бичиж болох уу? гэж Бошан асуув.
segment_156|unused|- Маш сайхныг ч болно гэж Морсель хариулав .
segment_157|unused|- Тэгвэл яриач. Би нэгэнтээ л танхимд очиж чадахгүй гээс хойш ямар нэгэн юмаар биеэ зугаацуулах хэрэгтэй байна.
segment_158|unused|- Би Ромд сүүлийн багт наадмын үеэр байсан.
segment_159|unused|Үүнийг чинь бид мэднээ гэж Бошан үгийг нь таслан хариулав.
segment_160|unused|- Тийм ээ, гэсэн ч намайг дээрэмчдэд баригдсаныг та нар мэдэхгүй.
segment_161|unused|- Дээрэмчид байдаггүй юм шүү дээ гэж Дебрэ хэлэхэд, - Үгүй, байдаг юм. Тэгээд бас ямар аймшигтай гэж санана. Гайхмаар улс гэж би хэлмээр байна. Тэд надад үнэхээр сайхан санагдсан.
segment_162|unused|- Хүндэт нөхөр Альбер минь, танай тогооч чинь хоолоо оройтуулж, хавчаа Мерен эсвэл Остейдегээс авчраагүй байгаа болохоор та Монтеном авгай шиг хоолоо үлгэрээр солихгээ юу? Бид таныг уучлаад яриа хэдийгээр үнэмшмээргүй боловч, сонсож суухаар эелдэг улс гэж бодсоноо хүлээ л дээ гэж Дебрэ хэлэв.
segment_163|unused|- Энэ яриа хэдийгээр үнэмшмээргүй боловч, эхнээсээ аваад эцсээ хүртэл цөм үнэн зүйл шүү. Тэгээд намайг дээрэмчид барьж аваад Сан-Себастяно гэдэг тун ч тохигүй газар доорхи агуйд аваачсан юм.
segment_164|unused|- Би түүнийг мэдэн, арай ч халуун хижиг өвчин авчихаагүй юм гэж Шато- Рено хэлэхэд, Альбер яриагаа үргэлжүүлэн,
segment_165|unused|- Би үнэн хэрэгтээ авчихсан, тэд намайг олзлогдсон хүн гэж хэлээд, золиосны мөнгө төлөхийг шаардсан. Дөрвөн мянган Ромын пиастр, хорин зургаан мянган түрэг ливр л дээ. Гэсэн ч гай болоход надад дөнгөж мянга таван зуу үлдсэн байлаа. Аялал төгсөх ойртож, мөнгө дуусаж байв. Тэгээд би францад захидал бичлээ… Франц тэнд байсан болохоор намайг нэг боловч үг санаанаасаа зохион ярьж байгаа эсэхийг асуугаарай. Би Францад маргааш өглөө зургаан цагт дөрвөн мянган пиастр авч ирэхгүй бол зургаан цагаас арван минут өнгөрөхөд диваажингийн оронд тонилох нь ээ гэж бичив. Дээрэмчдийн толгойлогч Луйжи Вампа хэлсэн үгэндээ хүрэх байсан юм гэж ярив.
segment_166|unused|- Тэгээд Франц дөрвөн мянган пиастр авчраа биз дээ? гэж Шато-Рено асуугаад, - Тэгэлгүй яах вэ! Францад Эпипе эсвэл Альвер де Морсер хоёр дөрвөн мянган пиастр олно гэдэг амархан хэрэг гэв.
segment_167|unused|- Үгүй, харин миний өнөөдөр та нарт танилцуулах гэж байгаа тэр хүнтэй хамт ирсэн юм.
segment_168|unused|- Тэгвэл энэ эрхэм хүн чинь Какаг алсан Геракль эсвэл Андромедыг чөлөөлсөн Персей юм уу?
segment_169|unused|- Үгүй, миний зэргийн л хүн.
segment_170|unused|- Шүдээ хүртэл зэвсэглэсэн хүн үү?
segment_171|unused|- Түүнд нэхмэлийн зүү ч байгаагүй.
segment_172|unused|- Тэгвэл золиосны мөнгийг төлж өгсөн үү?
segment_173|unused|- Атаманы чихэнд хоёрхон үг хэлэхэд л намайг суллан тавьсан.
segment_174|unused|- Тэгээд бас чамайг барьж авсан буруугаа хүлээгээ биз дээ? гэж Бошан нэмж хэлэхэд, Альбер - Чухам тийм гэв.
segment_175|unused|- Үгүй, тэр чинь ариосто биш биз дээ? гэхэд
segment_176|unused|- Биш ээ, зүгээр л Монте Кристо гүн гэдэг юм.
segment_177|unused|- Тийм нэр байхгүй, гэж Дебрэ хэлэхэд,
segment_178|unused|- Тийм шүү, байхгүй гэж бүх л европын гэрийн бичгийг цээжээр мэддэг хүний байдлаар Шато-Рено итгэлтэйгээр хэлээд, - Монте Кристо гүн гэдэг нэрийг сонссон хүн байна уу? гэв.
segment_179|unused|- Гэгээн газраас гаралтай хүн байж магадгүй еэ, түүний өвөг дээдсийн аль нэг нь Мортемар сөнөмөл тэнгис эзэмшиж байсан шигээр Гольгофыг эзэмшиж байсан байж таарна гэж Бошан хэлэхэд Максимилиан
segment_180|unused|- Уучлаарай эрхэмүүд ээ, би та нарыг хүнд байдлаас хүнд байдлаас гаргаж чадмаар юм шиг санагдаж байна. Монте Кристо гэж арал байдаг, түүний тухай манай эцэгт ажиллаж байсан далайчид дандаа ярьдаг байсан юм. Газрын дундад тэнгис доторх нэг жаахан элсний ширхэг хязгааргүйн доторх хумхи гэсэн үг гэж хэлэв.
segment_181|unused|- Таны хэлдэг туйлын зөв. Миний ярьж буй хүн бол тэр өчүүхэн элсний ширхэг, тэр хумхыг чинь эзэмшдэг хүн байгаа юм. Тэгээд Тосканаас гүн цол худалдаж авсан бололтой гэж Альбер хэлэв.
segment_182|unused|- Тэгэхээр таны гүн баян хүн байх нь ээ.
segment_183|unused|- Баян гэж бодож байна.
segment_184|unused|- Үгүй, хараад л мэдэгдэх юм биш үү?
segment_185|unused|- Дебрэ та ташаарч байна.
segment_186|unused|- Таны хэлж байгааг ойлгохгүй байна.
segment_187|unused|- Та мянга нэгэн шөнийн үлгэр уншсан уу?
segment_188|unused|- Энэ чинь юу гэсэн үг вэ?
segment_189|unused|- Таны өмнө баян ч хүн байгаа юм уу, ядуу ч хүн байгаа юм уу, хэн мэдэх вэ дээ? тэдэнд улаан буудайн үр ч юм уу эсвэл бадмаараг, очир эрдэнэ байгааг хэн мэдэх вэ? Таныг харахад л ядарсан муу загасчин шиг хүн байж байснаа ямар нэгэн нууц агуйд оруулаад иртэл, бүх энэтхэг орныг ч худалдаа авчихаар тийм эрдэнэс байдал яана?
segment_190|unused|- Тэгээд?
segment_191|unused|- Миний ярьж байгаа Монте Кристо гүн бол тийм л загасчдын нэг дээ. Нэр нь ч мөн тийм. Синдбад далайчин гэдэг. Түүнд дүүрэн алттай агуй бий.
segment_192|unused|- Морсер, та тэр агуйг нь үзсэн үү? гэж Бошан асуув.
segment_193|unused|- Би үзээгүй, Франц үзсэн. Харин түүний дэргэд энэ тухай нэг ч үг бүү дуугараарай. Францын нүдийг боож оруулаад нэг хэлгүй хүн бас Клеопатра ч дэргэд нь жирийн охин шиг харагдах тийм хүүхнүүд үйлчилсэн гэнэ лээ. Тэгэхдээ гашиш идсэн хойноо хүүхнүүдийг үзсэн учир, тэдний тухай бүрэн итгэлтэй биш байна лээ. Ямар нэгэн баримал, хөшөөнүүдийг ч хүүхэн гэж андуурсан байж болох юм.
segment_194|unused|- Залуу хүмүүс Морсер өөд харахад, тэдний нүдэнд чи солиорчихов уу эсвэл зүгээр л биднийгээ мангуутуулж байна уу? гэсэн асуулт тодорч байлаа.
segment_195|unused|Моррель бодлогоширсон байдлаар
segment_196|unused|- Би бас эрхэм де Морсерын ярьж байгаатай адил зүйлийг Пенелон гэдэг өвгөн далайчинаас сонссон юм байна гэв.
segment_197|unused|- Эрхэм Моррель намайг дэмжиж буй явдалд их баярлаж байна, миний мэдэхгүй юманд зам заагч шижмийг хаяж өгч байгаа нь та нарт таалагдахгүй байгаа юм биз дээ? гэж Альберыг хэлэхэд Дебрэ
segment_198|unused|- Уучлаарай хайрт нөхөр минь, та үнэмшмээргүй юм яриад байна шүү… гэж хэлэв.
segment_199|unused|- Танай элчин сайд төлөөлөгчид чинь иймэрхүү зүйлийн тухай та нарт бичдэггүй болохоор үнэмшмээргүй байгаа юм. Тэд жуулчлан яваа нутгийнхаа хүмүүсийг хавчиж шахах аргаар хөөцөлдөж, тийм юм бичиж байх завгүй суудаг улс.
segment_200|unused|- За тэр, та уур унтуу болж танай хөөрхий төлөөлөгчид рүү довтолж гарлаа. Тэд чинь та нарын сонирхлыг яаж хамгаалах вэ дээ. Танхим зардлыг нь цаг үргэлж багасгаж оддог энэ тушаалд ажиллах хүсэлтэй хүн олдохоо больчихоод байна. Альбер та элчин сайд болох дуртай юу? Тэгвэл би таныг Константино Полд томилуулж өгье.
segment_201|unused|- Уухай даа, намайг дөнгөж л Магомета Аалийг өмгөөлөх төдий болмогц Султан надад дээс явуулж, нарийн бичгийн дарга нар маань намайг боож алаг гэж үү?
segment_202|unused|- За тэр харж байна уу? гэж Дебрэ хэлэв.
segment_203|unused|- Хэдийн тийм боловч, миний Монте Кристо гүн бий дээ…
segment_204|unused|- Дэлхий дээр юм бүхэн бий. Гайхалтай юм болж дээ.
segment_205|unused|- Юм бүхэн байдаг нь мэдээж хэрэг. Гэвч хүн бүхэн хар арьстай боол, ван хүнд байдаг зургийн үзэсгэлэн, зэвсгийн музей зургаан мянган франкын үнэтэй морьд, явдаг Грек хүүхэнтэй байдаггүй шүү дээ.
segment_206|unused|- Аа та тэр Грек хүүхнийг нь харсан уу?
segment_207|unused|- Тэгсэн харсан, сонссон. Вале театрт харсан. Харин гүнгийнд өглөөний зууш зооглож байгаад дууг нь сонссон.
segment_208|unused|- Тэгвэл танай тэр ер бишийн хүн чинь юм иддэг байх нь ээ?
segment_209|unused|- Үнэнийг хэлэхэд энэ тухай юм яриад баймааргүй тийм жаахан иддэг юм.
segment_210|unused|- Харж л байгаарай, хүний цус сордог ороолон байх вий.
segment_211|unused|- Лорд Рутвеныг таньдаг гүнгийн хатан бас тэгж хэлж байна билээ. Та нар доогловол доогло л доо.
segment_212|unused|- Альбер чамд баяр хүргэе, энэ бол сэтгүүлчийн ажлаар оролддоггүй хүнд маш сайхан хэрэг. “Конетуционалист” сэтгүүлд гарсан нөгөө далайн могой шиг л юм болно доо. Ороолон гэдэг тун догь хэрэг байна даа гэж Бошан дуу алдав.
segment_213|unused|- Цөцгий нь дуртай цагтаа л том бага болж байдаг улаавтар нүдтэй, бүргэдийн хамартай, өргөн мэлгэр духтай, нүүрэндээ нэг ч дусал цусгүй, хар сахалтай, хурц цагаан шүдтэй, гял цял гэсэн хүн байгаа биз гэж Дебрэ хэлэхэд
segment_214|unused|- Яг тийм Люсьен, бүх шинж тэмдэгүүд нь тохирч байна. Хурц ширүүн, ёжтой зантай энэ хүнтэй хамт байхад миний нуруугаар байсхийгээд хүйт оргидог байсан сан. Нэгэн удаа хамт хүн цаазлахыг хараад, алуурчны ажиллагаа болон, ялтны орилж хашгирахаас илүү гүнгийн царай цаазаар аваачих янз бүрийн аргуудын тухай ярьж байгааг нь сонсоод, ухаан алдах нь гэсэн бодол төрж билээ гэж хэлэв.
segment_215|unused|- Морсер тэгээд тэр хүн таны цусыг сорох гэж Колизейн эвдэрхий балгасанд дагуулж аваачсангүй юу? гэж Бошан асуув.
segment_216|unused|- Таныг суллаж тавихдаа ямар нэгэн галын өнгөтэй элгэн дээр өөрийнхөө сүнсийг Исав шиг түүнд өглөө гэж албадан бичүүлэхгүй байна уу? гэж асуухад Морсер бага зэрэг гоморхсон байдалтайгаар
segment_217|unused|- Тоглоом хийж л бай, хичнээн л бол хичнээн тоглоом хий. Гантын цэцэрлэгт сэлгүүцэгч, Буланы ойгоор зугаацагч сайхан Парисынхан та бүхнийг харахад энэ хүн надад бодогдож бид цөм өөр өөр төрлийн хүмүүс юм шиг санагдах юм даа гэв.
segment_218|unused|- Би үүгээр бахархаж явдаг гэж Бошан хэлэхэд, Шато-Рено дээрээс нь нэмж
segment_219|unused|- Юу ч л гэсэн таны Монте Кристо гүн завтай цагт зугаатай сайхан хүн юм. Харин тэгэхдээ Италийн дээрэмчинтэй учир явдалтай гэдгийг нь тооцохгүй бол шүү гэхэд
segment_220|unused|- Италын дээрэмчид гэж юу ч байхгүй! Гэж Дебрэ хэлэв.
segment_221|unused|- Ороолонгууд ч байхгүй гэж Бошан дэмжихэд, Дебрэ цааш үргэлжлүүлэн, - Монте Кристо гүн гэдэг ч бас байхгүй, Альбер та арван цаг хагас дуугарч байгааг дуулж байна уу? гэв.
segment_222|unused|- Та одоо аймшигтай зүүд зүүдлэж гэдгээ хүлээгээд явж өглөөнийхөө зоогийг зоогловол дээр юм биш үү? Гэж Бошан хэлэв.
segment_223|unused|Ханын цагны дуу намдаагүй байхад хаалга онгойж Жермен орж ирээд,
segment_224|unused|- Гэгээн ноён Монте Кристо гүн ирлээ гэж айлтгав.
segment_225|unused|Тэгэхэд тэнд байсан хүмүүс өөрийн эрхгүй давхийн Морсерын яриа тэдний сэтгэлд хир гүн шингэснийг харууллаа.
segment_226|unused|Альбер ч гэсэн гэнэт догдолсон сэтгэлээ дарж чадахгүй байв.
segment_227|unused|Сүйх тэрэгний дуу үүдний өрөөнд хүний хөлийн чимээ гарахыг хэн ч дуулсангүй. Тэр ч байтугай хаалга дуугүй нээгджээ.
segment_228|unused|Монте Кристо гүн босгон дээр гарч ирлээ.
segment_229|unused|Маш энгийн байдлаар хувцасласан боловч, дээд зиндааны ямар ч хүн түүний хувцсыг өөлөх өөгүй байлаа. Дотуур гадуур хувцас, малгай нь хамгийн уран сайвны гараар хийгдсэн хүмүүсийн дурлан шохоорхож өмсдөг хэв маягт яг тохирсон байлаа.
segment_230|unused|Түүнийг харахад гучин таваас хэтрэхгүй настай болов уу гэмээр. Ялангуяа Дебрэгийн дүрслэн хэлсний яг адил байгаа нь бүхний гайхлыг төрүүлэв.
segment_231|unused|Гүн инээмсэглэн шууд Альбер өөд очиход, цаадах нь өөдөөс нь тосч ирээд гарыг нь халуунаар атгав.
segment_232|unused|- Яг таг байна гэдэг бол вангийн эелдэг сэтгэлийн илрэл гэж танай эзэн хаадын нэг нь батлан хэлсэн шиг билээ. Гэвч жуулчлан яваа хүмүүс хичнээн өсөвч, энэ журмыг алдалгүй дандаа биелүүлээд байж чадахгүй. Эрхэм хүндэт бэйс та намайг яг цагтаа ирэх гэж бодсоныг нь харгалзан үзэж, хоёр гурван секунд хожимдож ирсэнийг минь уучлаарай. Хоёр мянга таван зуун мод газрыг ямар я саадгүй явж өнгөрнө гэдэг амаргүй хэрэг, тэгээд ч бас хөтчийг зодож болдоггүй франц оронд гэж Монте Кристо хэлэв.
segment_233|unused|- Таныг манайд ирэх явдлыг тохиолдуулан урьсан найз нөхөддөө таны ирэх тухай ярьсан. Одоо танилцуулахыг зөвшөөрнө үү: гүн Шато-Рено, арван хоёр тайжаас удам угсаатай энэ хүний өвөг дээдэс нь Дугуй ширээнд сууж байсан хүн,
segment_234|unused|эрхэм Люсьен Дебрэ дотоод яамны сайдын нарийн бичгийн дарга, эрхэмсэг Бошан аюултай сэтгүүлч, францын засгийн газрын аянга, энэ хүн эх орондоо бол их нэр цуутай хүн, харин Италид сониныг нь тараахыг хориглоод байдаг учир та хэзээ ч дуулаагүй байх,
segment_235|unused|хамгийн сүүлд нь морин цэргийн ахмад Максимилиан Моррель.
segment_236|unused|Бүхэнтэй эелдэг мэхийн, ёстой л Английн хайхрамжгүй хүйтэн байдалтай мэндэлж байснаа энэ нэрийг сонсоод гүн өөрийн эрхгүй урагш нэг алхаж, цав цагаан царай дээр нь улбар туяа тодроод өнгөрөв.
segment_237|unused|- Та ялан дийлэгч францчуудын ёслолын хувцас өмсдөг юм аа, сайхан хувцас шүү гэж хэлэв.
segment_238|unused|Ямар их сэрэхүйн хүчин гүнгий хоолойноос ийм эелдэг дур зоргоор ангид дуу гаргаж, хэзээ ч юунд ч халхлагдаж байгаагүй тайван сайхан нүдэнд нь тод гэрэл үүсгэв гэдгийг хэлэхэд бэрх ажээ.
segment_239|unused|- Та манай Африкийнхныг ердөө үзээгүй юу? гэж Альбер асуухад, гүн хуучин байдалдаа дахин орж,
segment_240|unused|- Ердөө ч үгүй гэж хариулав.
segment_241|unused|- Энэ хувцасны цаана манай армийн хамгийн аймшиггүй сайн сайхан сэтгэлтэний зүрх цохилж байгаа юм.
segment_242|unused|- Өө, бэйс! Гэж Моррель түүний үгийг таслахад, Альбер цааш үргэлжлүүлэн,
segment_243|unused|- Ахмад та миний ярьж гүйцэхийг зөвшөөрнө үү… Бид дөнгөж сая эрхэм Моррелын баатарлаг явдлын тухай мэдлээ л дээ. Эрхэм Моррельтай дөнгөж өнөөдөр танилцуулж байгаа боловч, гүн танд энэ хүнийг өөрийн хуучин найз шигээ танилцуулахыг өөрөөс нь гуйя.
segment_244|unused|Энэ үгийг хэлэхэд, гүнгийн ширтсэн харц, царай нь эгшин зуурын дотор улбартан ягаарсан зовхи нь үл мэдэг хөдлөн түүний сэтгэл дахин хөдөлснийг харууллаа.
segment_245|unused|- Өө, мөн! Ахмад чинь сайн санаатай хүн байх нь ээ. Тэр тусмаа сайн даа! гэж гүн хэлэв.
segment_246|unused|Альберын үгний хариуд хэлэхээсээ илүү өөрийн бодолд хариу болгож хэлсэн энэ үг бүх хүнд, ялангуяа Монте Кристо өөд гайхан харж байгаа Моррельд бүр ч хачин санагдлаа. Түүний хажуугаар, хэдийгээр хачин санагдавч, тийм их эелдэг зөөлөн хэлсэн учир гүнд уурлан гомдохын аргагүй байлаа.
segment_247|unused|- Үүнд эргэлзэх ямар үндэс түүнд байж болох билээ? гэж Бошан, Шато- Реногоос асуухад цаадах нь Монте Кристоос мэдэгдэж байгаа бүхнийг дээдсийн хурц нүдээр ялган хараад,
segment_248|unused|- Үнэндээ ч, Альбер бидэнд худлаа хэлээгүй шүү. Энэ гүн ер бишийн хүн юм . моррель танд ямар санагдаж байна? гэж асуув.
segment_249|unused|- Тэр хэдийгээр миний тухай хачин үг хэлсэн боловч илэн далангүй яриа, аятайхан дуу нь надад таалагдаж байна.
segment_250|unused|- Эрхэмүүд ээ, өглөөний зоог бэлэн болсныг Жермен илтгэж байна. Эрхэм хүндэт гүн танд зам зааж өгөхийг зөвшөөрнө үү гэж Альбер хэлэв.
segment_251|unused|Хүмүүс цөм дуугүй явж хоолны өрөөнд орж сууцгаав.
segment_252|unused|Гүн суух зуураа,
segment_253|unused|- Эрхэмүүд ээ, би та нарт үнэнээ хэлэхийг зөвшөөрнө үү. Энэ маань миний эндэл ослыг уучлаарай гэж байгаа үг л дээ. Би Парист анх удаа ирж байгаа болохоор, францын амьдралыг огт мэдэхгүй гадны хүн. Би одоо хүртэл францынхаас шал өөр, дорнод маягаар амьдарч ирсэн хүн. Хэрэв надаас дэндүү их түрэг неополитан, араб байдал гараад байвал урьдчилан уучлахыг гуйя. За одоо зооглоцгооё гэв.
segment_254|unused|- Энэ хүний ярихыг! Ноён хүн шиг л юм! гэж Бошан шивгэнэхэд Дебрэ дээрээс нь нэмж, - Харь газрын ноён байна гэв.
segment_255|unused|- Эрхэм Дебрэ минь энэ хүн ч бүх л газар орны ноён
segment_256|unused|гэж Шато-Рено дүгнэн хэлэв.